date,start_time,task,category,duration_minutes,completed,focus_minutes
2026-01-05,09:00,Study Python,Study,60,1,54
2026-01-05,10:30,Solve coding problem,Programming,90,1,78
2026-01-05,14:00,Read documentation,Reading,45,1,30
2026-01-05,16:00,Build dashboard,Project,120,0,48
2026-01-06,09:30,Review OOP,Study,60,1,56
2026-01-06,11:00,Debug Python project,Programming,90,1,76
2026-01-06,15:00,Complete assignment,Assignment,75,0,39
2026-01-06,19:00,Check email,Admin,30,1,20
2026-01-07,10:00,Build Streamlit feature,Programming,120,1,102
2026-01-07,11:30,Analyze dataset,Project,90,1,78
2026-01-07,15:30,Read technical article,Reading,60,0,29
2026-01-07,17:00,Write report,Assignment,90,0,41
2026-01-08,09:00,Study databases,Study,75,1,68
2026-01-08,10:30,Refactor code,Programming,90,1,80
2026-01-08,14:30,Organize files,Admin,30,1,23
2026-01-08,16:00,Implement feature,Project,120,0,52
2026-01-09,09:30,Study algorithms,Study,90,1,81
2026-01-09,11:00,Solve coding problem,Programming,75,1,66
2026-01-09,15:00,Prepare presentation,Assignment,90,0,44
2026-01-10,10:00,Build dashboard,Project,120,1,96
2026-01-10,13:00,Read research paper,Reading,60,1,42
2026-01-10,17:00,Plan tasks,Admin,30,1,24
2026-01-11,11:00,Review Python,Study,60,1,50
2026-01-11,15:30,Complete assignment,Assignment,90,0,36
